sample_id,group
GSM1602801,Sepsis
GSM1602802,Sepsis
GSM1602803,Sepsis
GSM1602804,Sepsis
GSM1602805,Sepsis
GSM1602806,Sepsis
GSM1602807,Control
GSM1602808,Sepsis
GSM1602809,Control
GSM1602810,Sepsis
GSM1602811,Sepsis
GSM1602812,Sepsis
GSM1602813,Sepsis
GSM1602814,Sepsis
GSM1602815,Control
GSM1602816,Sepsis
GSM1602817,Sepsis
GSM1602818,Sepsis
GSM1602819,Sepsis
GSM1602820,Sepsis
GSM1602821,Sepsis
GSM1602822,Sepsis
GSM1602823,Sepsis
GSM1602824,Sepsis
GSM1602825,Sepsis
GSM1602826,Sepsis
GSM1602827,Sepsis
GSM1602828,Sepsis
GSM1602829,Sepsis
GSM1602830,Sepsis
GSM1602831,Sepsis
GSM1602832,Control
GSM1602833,Sepsis
GSM1602834,Sepsis
GSM1602835,Sepsis
GSM1602836,Sepsis
GSM1602837,Sepsis
GSM1602838,Sepsis
GSM1602839,Sepsis
GSM1602840,Sepsis
GSM1602841,Sepsis
GSM1602842,Sepsis
GSM1602843,Sepsis
GSM1602844,Sepsis
GSM1602845,Sepsis
GSM1602846,Sepsis
GSM1602847,Sepsis
GSM1602848,Sepsis
GSM1602849,Sepsis
GSM1602850,Control
GSM1602851,Sepsis
GSM1602852,Sepsis
GSM1602853,Sepsis
GSM1602854,Sepsis
GSM1602855,Sepsis
GSM1602856,Sepsis
GSM1602857,Sepsis
GSM1602858,Control
GSM1602859,Sepsis
GSM1602860,Sepsis
GSM1602861,Sepsis
GSM1602862,Control
GSM1602863,Control
GSM1602864,Control
GSM1602865,Sepsis
GSM1602866,Sepsis
GSM1602867,Sepsis
GSM1602868,Sepsis
GSM1602869,Sepsis
GSM1602870,Control
GSM1602871,Control
GSM1602872,Control
GSM1602873,Sepsis
GSM1602874,Control
GSM1602875,Control
GSM1602876,Control
GSM1602877,Sepsis
GSM1602878,Sepsis
GSM1602879,Sepsis
GSM1602880,Sepsis
GSM1602881,Sepsis
GSM1602882,Sepsis
GSM1602883,Sepsis
GSM1602884,Control
GSM1602885,Sepsis
GSM1602886,Sepsis
GSM1602887,Sepsis
GSM1602888,Sepsis
GSM1602889,Sepsis
GSM1602890,Sepsis
GSM1602891,Control
GSM1602892,Control
GSM1602893,Control
GSM1602894,Control
GSM1602895,Control
GSM1602896,Control
GSM1602897,Control
GSM1602898,Control
GSM1602899,Control
GSM1602900,Control
GSM1602901,Control
GSM1602902,Control
GSM1602903,Sepsis
GSM1602904,Sepsis
GSM1602905,Sepsis
GSM1602906,Sepsis
GSM1602907,Sepsis
GSM1602908,Sepsis
GSM1602909,Control
GSM1602910,Control
GSM1602911,Control
GSM1602912,Sepsis
GSM1602913,Control
GSM1602914,Control
GSM1602915,Control
GSM1602916,Control
GSM1602917,Control
GSM1602918,Sepsis
GSM1602919,Sepsis
GSM1602920,Control
GSM1602921,Sepsis
GSM1602922,Sepsis
GSM1602923,Sepsis
GSM1602924,Sepsis
GSM1602925,Sepsis
GSM1602926,Sepsis
GSM1602927,Sepsis
GSM1602928,Sepsis
GSM1602929,Sepsis
GSM1602930,Sepsis
GSM1602931,Sepsis
GSM1602932,Sepsis
GSM1602933,Sepsis
GSM1602934,Sepsis
GSM1602935,Sepsis
GSM1602936,Sepsis
GSM1602937,Sepsis
GSM1602938,Sepsis
GSM1602939,Sepsis
GSM1602940,Sepsis
GSM1602941,Sepsis
GSM1602942,Sepsis
GSM1602943,Sepsis
GSM1602944,Sepsis
GSM1602945,Sepsis
GSM1602946,Control
GSM1602947,Sepsis
GSM1602948,Control
GSM1602949,Sepsis
GSM1602950,Sepsis
GSM1602951,Sepsis
GSM1602952,Sepsis
GSM1602953,Sepsis
GSM1602954,Control
GSM1602955,Sepsis
GSM1602956,Control
GSM1602957,Control
GSM1602958,Sepsis
GSM1602959,Sepsis
GSM1602960,Control
GSM1602961,Control
GSM1602962,Control
GSM1602963,Control
GSM1602964,Control
GSM1602965,Sepsis
GSM1602966,Control
GSM1602967,Sepsis
GSM1602968,Sepsis
GSM1602969,Control
GSM1602970,Sepsis
GSM1602971,Sepsis
GSM1602972,Sepsis
GSM1602973,Sepsis
GSM1602974,Sepsis
GSM1602975,Sepsis
GSM1602976,Sepsis
GSM1691861,Sepsis
GSM1691862,Sepsis
GSM1691863,Sepsis
GSM1691864,Sepsis
GSM1691865,Sepsis
GSM1691866,Sepsis
GSM1691867,Sepsis
GSM1691868,Sepsis
GSM1691869,Sepsis
GSM1691870,Sepsis
GSM1691871,Sepsis
GSM1691873,Sepsis
GSM1691874,Sepsis
GSM1691875,Sepsis
GSM1691876,Sepsis
GSM1691877,Sepsis
GSM1691878,Sepsis
GSM1691879,Sepsis
GSM1691880,Sepsis
GSM1691881,Sepsis
GSM1691882,Sepsis
GSM1691883,Sepsis
GSM1691884,Sepsis
GSM1691885,Sepsis
GSM1691886,Sepsis
GSM1691887,Sepsis
GSM1691888,Sepsis
GSM1691889,Sepsis
GSM1691890,Sepsis
GSM1691891,Sepsis
GSM1691892,Sepsis
GSM1691893,Sepsis
GSM1691894,Sepsis
GSM1691895,Sepsis
GSM1691896,Sepsis
GSM1691897,Sepsis
GSM1691898,Sepsis
GSM1691899,Sepsis
GSM1691900,Sepsis
GSM1691901,Sepsis
GSM1691902,Sepsis
GSM1691903,Sepsis
GSM1691904,Sepsis
GSM1691905,Sepsis
GSM1691906,Sepsis
GSM1691907,Sepsis
GSM1691908,Sepsis
GSM1691909,Sepsis
GSM1691910,Sepsis
GSM1691911,Control
GSM1691912,Sepsis
GSM1691913,Sepsis
GSM1691914,Sepsis
GSM1691915,Sepsis
GSM1691916,Sepsis
GSM1691917,Sepsis
GSM1691918,Sepsis
GSM1691919,Sepsis
GSM1691920,Sepsis
GSM1691921,Sepsis
GSM1691922,Sepsis
GSM1691923,Sepsis
GSM1691924,Sepsis
GSM1691925,Sepsis
GSM1691926,Sepsis
GSM1691927,Control
GSM1691928,Sepsis
GSM1691929,Sepsis
GSM1691930,Sepsis
GSM1691932,Sepsis
GSM1691933,Sepsis
GSM1691934,Sepsis
GSM1691935,Sepsis
GSM1691936,Sepsis
GSM1691937,Sepsis
GSM1691938,Sepsis
GSM1691939,Sepsis
GSM1691940,Sepsis
GSM1691941,Sepsis
GSM1691942,Sepsis
GSM1691943,Sepsis
GSM1691944,Sepsis
GSM1691945,Sepsis
GSM1691946,Sepsis
GSM1691947,Sepsis
GSM1691948,Sepsis
GSM1691949,Sepsis
GSM1691950,Sepsis
GSM1691951,Sepsis
GSM1691952,Sepsis
GSM1691953,Sepsis
GSM1691954,Sepsis
GSM1691955,Sepsis
GSM1691957,Sepsis
GSM1691958,Sepsis
GSM1691959,Sepsis
GSM1691960,Sepsis
GSM1691961,Sepsis
GSM1691962,Sepsis
GSM1691963,Sepsis
GSM1691964,Sepsis
GSM1691965,Sepsis
GSM1691966,Sepsis
GSM1691967,Sepsis
GSM1691968,Sepsis
GSM1691969,Sepsis
GSM1691970,Sepsis
GSM1691971,Sepsis
GSM1691972,Sepsis
GSM1691973,Sepsis
GSM1691974,Sepsis
GSM1691975,Sepsis
GSM1691976,Sepsis
GSM1691977,Sepsis
GSM1691978,Sepsis
GSM1691979,Sepsis
GSM1691980,Control
GSM1691981,Sepsis
GSM1691982,Sepsis
GSM1691983,Sepsis
GSM1691984,Sepsis
GSM1691985,Sepsis
GSM1691986,Sepsis
GSM1691987,Sepsis
GSM1691988,Sepsis
GSM1691989,Sepsis
GSM1691990,Sepsis
GSM1691991,Sepsis
GSM1691992,Sepsis
GSM1691993,Sepsis
GSM1691994,Sepsis
GSM1691995,Sepsis
GSM1691996,Sepsis
GSM1691997,Sepsis
GSM1691998,Sepsis
GSM1691999,Sepsis
GSM1692000,Sepsis
GSM1692001,Sepsis
GSM1692002,Sepsis
GSM1692003,Sepsis
GSM1692004,Sepsis
GSM1692005,Sepsis
GSM1692006,Sepsis
GSM1692007,Sepsis
GSM1692008,Sepsis
GSM1692009,Sepsis
GSM1692010,Sepsis
GSM1692011,Sepsis
GSM1692012,Sepsis
GSM1692015,Sepsis
GSM1692016,Sepsis
GSM1692017,Sepsis
GSM1692018,Sepsis
GSM1692019,Sepsis
GSM1692020,Sepsis
GSM1692021,Sepsis
GSM1692022,Sepsis
GSM1692023,Sepsis
GSM1692024,Sepsis
GSM1692025,Sepsis
GSM1692026,Sepsis
GSM1692027,Sepsis
GSM1692028,Sepsis
GSM1692029,Sepsis
GSM1692030,Sepsis
GSM1692032,Sepsis
GSM1692033,Sepsis
GSM1692034,Control
GSM1692035,Sepsis
GSM1692036,Sepsis
GSM1692037,Sepsis
GSM1692038,Sepsis
GSM1692039,Sepsis
GSM1692040,Sepsis
GSM1692041,Sepsis
GSM1692042,Sepsis
GSM1692043,Sepsis
GSM1692044,Sepsis
GSM1692045,Sepsis
GSM1692046,Sepsis
GSM1692047,Sepsis
GSM1692048,Sepsis
GSM1692049,Sepsis
GSM1692050,Sepsis
GSM1692051,Sepsis
GSM1692052,Sepsis
GSM1692053,Sepsis
GSM1692054,Sepsis
GSM1692055,Control
GSM1692056,Sepsis
GSM1692057,Sepsis
GSM1692058,Control
GSM1692059,Sepsis
GSM1692060,Sepsis
GSM1692061,Sepsis
GSM1692062,Sepsis
GSM1692063,Sepsis
GSM1692064,Sepsis
GSM1692065,Sepsis
GSM1692066,Sepsis
GSM1692067,Sepsis
GSM1692068,Sepsis
GSM1692069,Sepsis
GSM1692070,Sepsis
GSM1692071,Sepsis
GSM1692072,Sepsis
GSM1692073,Sepsis
GSM1692074,Sepsis
GSM1692075,Sepsis
GSM1692077,Sepsis
GSM1692078,Sepsis
GSM1692079,Sepsis
GSM1692080,Sepsis
GSM1692081,Sepsis
GSM1692082,Sepsis
GSM1692083,Sepsis
GSM1692084,Sepsis
GSM1692085,Sepsis
GSM1692086,Sepsis
GSM1692087,Sepsis
GSM1692088,Sepsis
GSM1692089,Sepsis
GSM1692090,Sepsis
GSM1692091,Sepsis
GSM1692092,Sepsis
GSM1692093,Sepsis
GSM1692094,Sepsis
GSM1692095,Sepsis
GSM1692096,Sepsis
GSM1692097,Sepsis
GSM1692098,Sepsis
GSM1692099,Control
GSM1692100,Sepsis
GSM1692101,Sepsis
GSM1692102,Sepsis
GSM1692103,Sepsis
GSM1692104,Sepsis
GSM1692105,Sepsis
GSM1692106,Sepsis
GSM1692107,Sepsis
GSM1692108,Sepsis
GSM1692109,Sepsis
GSM1692110,Sepsis
GSM1692111,Sepsis
GSM1692112,Sepsis
GSM1692114,Sepsis
GSM1692115,Sepsis
GSM1692116,Sepsis
GSM1692117,Sepsis
GSM1692118,Sepsis
GSM1692119,Sepsis
GSM1692120,Sepsis
GSM1692121,Sepsis
GSM1692122,Sepsis
GSM1692123,Sepsis
GSM1692124,Sepsis
GSM1692125,Sepsis
GSM1692126,Sepsis
GSM1692127,Sepsis
GSM1692128,Sepsis
GSM1692129,Sepsis
GSM1692130,Control
GSM1692131,Sepsis
GSM1692132,Sepsis
GSM1692133,Sepsis
GSM1692135,Sepsis
GSM1692136,Sepsis
GSM1692137,Sepsis
GSM1692138,Sepsis
GSM1692139,Sepsis
GSM1692140,Sepsis
GSM1692141,Sepsis
GSM1692142,Sepsis
GSM1692143,Sepsis
GSM1692144,Sepsis
GSM1692145,Sepsis
GSM1692146,Sepsis
GSM1692147,Sepsis
GSM1692148,Sepsis
GSM1692149,Sepsis
GSM1692150,Sepsis
GSM1692151,Sepsis
GSM1692152,Sepsis
GSM1692153,Sepsis
GSM1692154,Sepsis
GSM1692155,Sepsis
GSM1692156,Sepsis
GSM1692157,Sepsis
GSM1692158,Control
GSM1692159,Sepsis
GSM1692160,Sepsis
GSM1692161,Sepsis
GSM1692162,Sepsis
GSM1692163,Sepsis
GSM1692164,Sepsis
GSM1692165,Control
GSM1692166,Sepsis
GSM1692167,Sepsis
GSM1692168,Sepsis
GSM1692169,Sepsis
GSM1692170,Sepsis
GSM1692171,Sepsis
GSM1692172,Sepsis
GSM1692173,Sepsis
GSM1692174,Control
GSM1692175,Sepsis
GSM1692176,Sepsis
GSM1692177,Sepsis
GSM1692178,Sepsis
GSM1692179,Sepsis
GSM1692180,Sepsis
GSM1692181,Sepsis
GSM1692182,Sepsis
GSM1692183,Sepsis
GSM1692184,Sepsis
GSM1692185,Sepsis
GSM1692186,Sepsis
GSM1692187,Sepsis
GSM1692188,Sepsis
GSM1692189,Sepsis
GSM1692190,Sepsis
GSM1692191,Sepsis
GSM1692192,Sepsis
GSM1692193,Sepsis
GSM1692194,Sepsis
GSM1692195,Sepsis
GSM1692196,Sepsis
GSM1692197,Sepsis
GSM1692198,Sepsis
GSM1692199,Sepsis
GSM1692200,Sepsis
GSM1692201,Sepsis
GSM1692202,Sepsis
GSM1692203,Sepsis
GSM1692204,Sepsis
GSM1692205,Sepsis
GSM1692206,Sepsis
GSM1692207,Sepsis
GSM1692208,Sepsis
GSM1692209,Sepsis
GSM1692210,Sepsis
GSM1692211,Sepsis
GSM1692212,Sepsis
GSM1692213,Sepsis
GSM1692214,Sepsis
GSM1692215,Sepsis
GSM1692216,Control
GSM1692217,Sepsis
GSM1692218,Sepsis
GSM1692219,Sepsis
GSM1692220,Sepsis
GSM1692221,Sepsis
GSM1692222,Sepsis
GSM1692223,Sepsis
GSM1692224,Sepsis
GSM1692225,Sepsis
GSM1692226,Sepsis
GSM1692227,Sepsis
GSM1692228,Sepsis
GSM1692229,Sepsis
GSM1692230,Sepsis
GSM1692231,Sepsis
GSM1692232,Sepsis
GSM1692233,Sepsis
GSM1692234,Sepsis
GSM1692235,Sepsis
GSM1692237,Sepsis
GSM1692238,Sepsis
GSM1692239,Sepsis
GSM1692240,Sepsis
GSM1692241,Sepsis
GSM1692242,Sepsis
GSM1692243,Sepsis
GSM1692244,Control
GSM1692245,Sepsis
GSM1692246,Sepsis
GSM1692247,Sepsis
GSM1692248,Sepsis
GSM1692249,Sepsis
GSM1692250,Sepsis
GSM1692251,Sepsis
GSM1692252,Sepsis
GSM1692253,Sepsis
GSM1692254,Sepsis
GSM1692255,Control
GSM1692256,Sepsis
GSM1692257,Sepsis
GSM1692258,Sepsis
GSM1692259,Sepsis
GSM1692260,Sepsis
GSM1692261,Sepsis
GSM1692262,Sepsis
GSM1692263,Sepsis
GSM1692264,Sepsis
GSM1692265,Sepsis
GSM1692266,Sepsis
GSM1692267,Sepsis
GSM1692268,Sepsis
GSM1692269,Sepsis
GSM1692270,Sepsis
GSM1692271,Sepsis
GSM1692272,Sepsis
GSM1692273,Sepsis
GSM1692274,Sepsis
GSM1692275,Sepsis
GSM1692276,Sepsis
GSM1692277,Sepsis
GSM1692278,Sepsis
GSM1692279,Sepsis
GSM1692280,Sepsis
GSM1692281,Sepsis
GSM1692282,Sepsis
GSM1692283,Sepsis
GSM1692284,Sepsis
GSM1692286,Sepsis
GSM1692287,Sepsis
GSM1692288,Sepsis
GSM1692289,Sepsis
GSM1692290,Sepsis
GSM1692291,Sepsis
GSM1692292,Sepsis
GSM1692293,Sepsis
GSM1692294,Sepsis
GSM1692295,Sepsis
GSM1692296,Sepsis
GSM1692297,Sepsis
GSM1692298,Sepsis
GSM1692299,Control
GSM1692300,Sepsis
GSM1692301,Sepsis
GSM1692302,Sepsis
GSM1692303,Sepsis
GSM1692304,Sepsis
GSM1692305,Sepsis
GSM1692306,Sepsis
GSM1692307,Sepsis
GSM1692308,Sepsis
GSM1692309,Sepsis
GSM1692310,Sepsis
GSM1692311,Sepsis
GSM1692312,Sepsis
GSM1692313,Sepsis
GSM1692314,Sepsis
GSM1692315,Sepsis
GSM1692316,Sepsis
GSM1692317,Sepsis
GSM1692318,Sepsis
GSM1692319,Sepsis
GSM1692320,Sepsis
GSM1692321,Sepsis
GSM1692322,Sepsis
GSM1692323,Sepsis
GSM1692324,Sepsis
GSM1692326,Sepsis
GSM1692327,Sepsis
GSM1692328,Sepsis
GSM1692329,Sepsis
GSM1692330,Sepsis
GSM1692331,Sepsis
GSM1692332,Sepsis
GSM1692333,Sepsis
GSM1692334,Sepsis
GSM1692335,Sepsis
GSM1692336,Sepsis
GSM1692337,Sepsis
GSM1692338,Sepsis
GSM1692339,Sepsis
GSM1692340,Sepsis
GSM1692341,Sepsis
GSM1692342,Sepsis
GSM1692343,Control
GSM1692344,Sepsis
GSM1692345,Sepsis
GSM1692346,Sepsis
GSM1692347,Sepsis
GSM1692348,Sepsis
GSM1692349,Sepsis
GSM1692350,Sepsis
GSM1692352,Sepsis
GSM1692353,Sepsis
GSM1692354,Sepsis
GSM1692355,Sepsis
GSM1692356,Sepsis
GSM1692357,Sepsis
GSM1692358,Sepsis
GSM1692359,Sepsis
GSM1692360,Sepsis
GSM1692361,Sepsis
GSM1692362,Sepsis
GSM1692363,Sepsis
GSM1692364,Sepsis
GSM1692365,Sepsis
GSM1692366,Sepsis
GSM1692367,Sepsis
GSM1692368,Sepsis
GSM1692369,Sepsis
GSM1692370,Sepsis
GSM1692371,Sepsis
GSM1692372,Sepsis
GSM1692373,Sepsis
GSM1692374,Sepsis
GSM1692375,Sepsis
GSM1692376,Sepsis
GSM1692377,Sepsis
GSM1692378,Sepsis
GSM1692379,Sepsis
GSM1692380,Sepsis
GSM1692381,Sepsis
GSM1692382,Sepsis
GSM1692383,Sepsis
GSM1692384,Sepsis
GSM1692385,Sepsis
GSM1692386,Control
GSM1692387,Sepsis
GSM1692388,Sepsis
GSM1692389,Sepsis
GSM1692390,Sepsis
GSM1692391,Sepsis
GSM1692392,Sepsis
GSM1692393,Sepsis
GSM1692394,Sepsis
GSM1692395,Sepsis
GSM1692396,Sepsis
GSM1692397,Sepsis
GSM1692398,Sepsis
GSM1692399,Sepsis
GSM1692400,Sepsis
GSM1692402,Sepsis
GSM1692404,Sepsis
GSM1692405,Sepsis
GSM1692406,Sepsis
GSM1692407,Sepsis
GSM1692408,Sepsis
GSM1692409,Sepsis
GSM1692410,Sepsis
GSM1692411,Sepsis
GSM1692412,Sepsis
GSM1692413,Sepsis
GSM1692414,Sepsis
GSM1692415,Sepsis
GSM1692416,Sepsis
GSM1692417,Sepsis
GSM1692418,Sepsis
GSM1692419,Sepsis
GSM1692420,Sepsis
GSM1692421,Sepsis
GSM1692422,Sepsis
GSM1692423,Sepsis
GSM1692424,Sepsis
GSM1692425,Sepsis
GSM1692426,Sepsis
GSM1692427,Sepsis
GSM1692428,Sepsis
GSM1692429,Sepsis
GSM1692430,Sepsis
GSM1692431,Sepsis
GSM1692432,Sepsis
GSM1692433,Sepsis
GSM1692434,Sepsis
GSM1692435,Sepsis
GSM1692436,Sepsis
GSM1692437,Sepsis
GSM1692438,Sepsis
GSM1692439,Sepsis
GSM1692440,Sepsis
GSM1692441,Sepsis
GSM1692442,Sepsis
GSM1692443,Sepsis
GSM1692444,Sepsis
GSM1692445,Sepsis
GSM1692446,Sepsis
GSM1692447,Sepsis
GSM1692448,Sepsis
GSM1692449,Sepsis
GSM1692450,Sepsis
GSM1692451,Sepsis
GSM1692452,Sepsis
GSM1692453,Sepsis
GSM1692454,Sepsis
GSM1692455,Sepsis
GSM1692456,Control
GSM1692457,Sepsis
GSM1692458,Sepsis
GSM1692459,Sepsis
GSM1692460,Sepsis
GSM1692461,Sepsis
GSM1692462,Sepsis
GSM1692463,Sepsis
GSM1692465,Sepsis
GSM1692466,Sepsis
GSM1692467,Sepsis
GSM1692468,Sepsis
GSM1692469,Sepsis
GSM1692470,Sepsis
GSM1692471,Sepsis
GSM1692472,Sepsis
GSM1692473,Sepsis
GSM1692474,Sepsis
GSM1692475,Sepsis
GSM1692476,Sepsis
GSM1692477,Sepsis
GSM1692478,Sepsis
GSM1692479,Sepsis
GSM1692480,Sepsis
GSM1692481,Control
GSM1692482,Sepsis
GSM1692483,Sepsis
GSM1692484,Sepsis
GSM1692485,Sepsis
GSM1692487,Sepsis
GSM1692488,Sepsis
GSM1692489,Sepsis
GSM1692490,Sepsis
GSM1692491,Sepsis
GSM1692492,Sepsis
GSM1692493,Sepsis
GSM1692494,Sepsis
GSM1692495,Sepsis
GSM1692496,Sepsis
GSM1692497,Sepsis
GSM1692498,Sepsis
GSM1692499,Sepsis
GSM1692501,Sepsis
GSM1692502,Sepsis
GSM1692503,Sepsis
GSM1692504,Sepsis
